{
  "version": "0.1.0",
  "generated_at": "2026-04-09T19:38:49.373Z",
  "reports": [
    {
      "arm": "eager",
      "catalog_size": 1000,
      "n_tasks": 35,
      "mean_input_tokens": 60800,
      "mean_output_tokens": 120,
      "mean_total_cost_usd": 0.1824000000000001,
      "mean_wall_seconds": 4.099999999999998,
      "mean_turns": 1,
      "success_rate": 1,
      "choice_accuracy": 1,
      "distractor_call_rate": 0,
      "refusal_rate": 0.05714285714285714,
      "mean_discovery_calls": 0
    },
    {
      "arm": "discover",
      "catalog_size": 1000,
      "n_tasks": 35,
      "mean_input_tokens": 1575,
      "mean_output_tokens": 220,
      "mean_total_cost_usd": 0.005663546730357863,
      "mean_wall_seconds": 5.6999999999999975,
      "mean_turns": 2.1714285714285713,
      "success_rate": 1,
      "choice_accuracy": 1,
      "distractor_call_rate": 0,
      "refusal_rate": 0.05714285714285714,
      "mean_discovery_calls": 2.1714285714285713
    }
  ]
}
